-0.0001098,-0.0056
-0.0001096,-0.0104
-0.0001094,-0.0088
-0.0001092,-0.0088
-0.000109,-0.0104
-0.0001088,-0.0088
-0.0001086,-0.0088
-0.0001084,-0.0104
-0.0001082,-0.008
-0.000108,-0.0112
-0.0001078,-0.0096
-0.0001076,-0.008
-0.0001074,-0.0048
-0.0001072,-0.0056
-0.000107,-0.0112
-0.0001068,-0.0112
-0.0001066,-0.0064
-0.0001064,-0.0016
-0.0001062,-0.0088
-0.000106,-0.0088
-0.0001058,-0.0096
-0.0001056,-0.0128
-0.0001054,-0.0056
-0.0001052,-0.0096
-0.000105,-0.008
-0.0001048,-0.0088
-0.0001046,-0.008
-0.0001044,-0.012
-0.0001042,-0.008
-0.000104,0.0008
-0.0001038,-0.0048
-0.0001036,-0.004
-0.0001034,-0.004
-0.0001032,-0.0096
-0.000103,-0.0096
-0.0001028,-0.0104
-0.0001026,-0.0104
-0.0001024,-0.0104
-0.0001022,-0.008
-0.000102,-0.0048
-0.0001018,-0.0096
-0.0001016,-0.0088
-0.0001014,-0.0032
-0.0001012,-0.004
-0.000101,-0.0048
-0.0001008,-0.0048
-0.0001006,-0.0112
-0.0001004,-0.008
-0.0001002,-0.0024
-0.0001,-0.0048
-9.98e-05,-0.0064
-9.96e-05,-0.0048
-9.94e-05,-0.0032
-9.92e-05,-0.0024
-9.9e-05,-0.0088
-9.88e-05,-0.0048
-9.86e-05,-0.0056
-9.84e-05,-0.0072
-9.82e-05,-0.008
-9.8e-05,-0.0104
-9.78e-05,-0.0056
-9.76e-05,-0.0104
-9.74e-05,-0.008
-9.72e-05,-0.0032
-9.7e-05,-0.0016
-9.68e-05,-0.008
-9.66e-05,-0.0104
-9.64e-05,-0.0104
-9.62e-05,-0.0056
-9.6e-05,-0.004
-9.58e-05,-0.0072
-9.56e-05,-0.004
-9.54e-05,-0.0024
-9.52e-05,-0.0072
-9.5e-05,-0.0096
-9.48e-05,-0.0024
-9.46e-05,-0.0064
-9.44e-05,-0.004
-9.42e-05,-0.0072
-9.4e-05,-0.0056
-9.38e-05,-0.0112
-9.36e-05,-0.0048
-9.34e-05,-0.008
-9.32e-05,-0.0048
-9.3e-05,-0.0016
-9.28e-05,-0.0008
-9.26e-05,-0.0048
-9.24e-05,-0.008
-9.22e-05,-0.0048
-9.2e-05,0.0
-9.18e-05,-0.0016
-9.16e-05,0.0024
-9.14e-05,0.0008
-9.12e-05,-0.0016
-9.1e-05,0.0008
-9.08e-05,-0.0024
-9.06e-05,0.0008
-9.04e-05,-0.0064
-9.02e-05,-0.0008
-9e-05,0.0
-8.98e-05,-0.0024
-8.96e-05,0.0016
-8.94e-05,-0.0008
-8.92e-05,-0.004
-8.9e-05,-0.008
-8.88e-05,-0.004
-8.86e-05,0.0016
-8.84e-05,0.0008
-8.82e-05,0.0008
-8.8e-05,-0.0032
-8.78e-05,0.0016
-8.76e-05,0.0016
-8.74e-05,-0.0016
-8.72e-05,0.0016
-8.7e-05,0.004
-8.68e-05,-0.0016
-8.66e-05,-0.0016
-8.64e-05,0.0032
-8.62e-05,-0.0024
-8.6e-05,-0.004
-8.58e-05,0.0048
-8.56e-05,0.008
-8.54e-05,0.0064
-8.52e-05,0.0016
-8.5e-05,0.0016
-8.48e-05,-0.0008
-8.46e-05,0.0032
-8.44e-05,0.0016
-8.42e-05,0.0056
-8.4e-05,0.0008
-8.38e-05,0.0032
-8.36e-05,0.0048
-8.34e-05,0.0016
-8.32e-05,0.0088
-8.3e-05,0.0048
-8.28e-05,0.0048
-8.26e-05,0.0016
-8.24e-05,0.0056
-8.22e-05,0.004
-8.2e-05,0.0024
-8.18e-05,0.0048
-8.16e-05,0.0064
-8.14e-05,0.0096
-8.12e-05,0.0048
-8.1e-05,0.0048
-8.08e-05,0.0008
-8.06e-05,0.0048
-8.04e-05,0.0024
-8.02e-05,0.0048
-8e-05,0.0016
-7.98e-05,0.004
-7.96e-05,0.0072
-7.94e-05,0.004
-7.92e-05,0.0104
-7.9e-05,0.0088
-7.88e-05,0.0072
-7.86e-05,0.0096
-7.84e-05,0.0096
-7.82e-05,0.0088
-7.8e-05,0.0096
-7.78e-05,0.008
-7.76e-05,0.0104
-7.74e-05,0.0064
-7.72e-05,0.012
-7.7e-05,0.0088
-7.68e-05,0.008
-7.66e-05,0.008
-7.64e-05,0.0088
-7.62e-05,0.0112
-7.6e-05,0.0048
-7.58e-05,0.0088
-7.56e-05,0.004
-7.54e-05,0.0064
-7.52e-05,0.0064
-7.5e-05,0.0072
-7.48e-05,0.0032
-7.46e-05,0.008
-7.44e-05,0.008
-7.42e-05,0.0152
-7.4e-05,0.0136
-7.38e-05,0.0128
-7.36e-05,0.0152
-7.34e-05,0.0176
-7.32e-05,0.0128
-7.3e-05,0.0128
-7.28e-05,0.0104
-7.26e-05,0.0088
-7.24e-05,0.0136
-7.22e-05,0.0136
-7.2e-05,0.0112
-7.18e-05,0.0128
-7.16e-05,0.0128
-7.14e-05,0.0168
-7.12e-05,0.0128
-7.1e-05,0.0144
-7.08e-05,0.0144
-7.06e-05,0.0128
-7.04e-05,0.0168
-7.02e-05,0.0216
-7e-05,0.0184
-6.98e-05,0.0184
-6.96e-05,0.0168
-6.94e-05,0.016
-6.92e-05,0.0168
-6.9e-05,0.0128
-6.88e-05,0.0168
-6.86e-05,0.0128
-6.84e-05,0.0152
-6.82e-05,0.0168
-6.8e-05,0.0152
-6.78e-05,0.012
-6.76e-05,0.0152
-6.74e-05,0.0128
-6.72e-05,0.0128
-6.7e-05,0.012
-6.68e-05,0.0152
-6.66e-05,0.0176
-6.64e-05,0.0096
-6.62e-05,0.0096
-6.6e-05,0.0152
-6.58e-05,0.0168
-6.56e-05,0.0168
-6.54e-05,0.0152
-6.52e-05,0.0192
-6.5e-05,0.0192
-6.48e-05,0.0136
-6.46e-05,0.0208
-6.44e-05,0.0152
-6.42e-05,0.016
-6.4e-05,0.016
-6.38e-05,0.0176
-6.36e-05,0.012
-6.34e-05,0.0152
-6.32e-05,0.012
-6.3e-05,0.0136
-6.28e-05,0.0152
-6.26e-05,0.0168
-6.24e-05,0.016
-6.22e-05,0.0128
-6.2e-05,0.0232
-6.18e-05,0.0176
-6.16e-05,0.0184
-6.14e-05,0.02
-6.12e-05,0.0192
-6.1e-05,0.0184
-6.08e-05,0.0192
-6.06e-05,0.0176
-6.04e-05,0.0192
-6.02e-05,0.016
-6e-05,0.0192
-5.98e-05,0.0192
-5.96e-05,0.012
-5.94e-05,0.0184
-5.92e-05,0.016
-5.9e-05,0.0144
-5.88e-05,0.0176
-5.86e-05,0.0168
-5.84e-05,0.0192
-5.82e-05,0.02
-5.8e-05,0.0192
-5.78e-05,0.02
-5.76e-05,0.0144
-5.74e-05,0.0192
-5.72e-05,0.0184
-5.7e-05,0.0184
-5.68e-05,0.0184
-5.66e-05,0.0168
-5.64e-05,0.0152
-5.62e-05,0.0184
-5.6e-05,0.0128
-5.58e-05,0.0176
-5.56e-05,0.0136
-5.54e-05,0.016
-5.52e-05,0.0184
-5.5e-05,0.016
-5.48e-05,0.0128
-5.46e-05,0.0184
-5.44e-05,0.0216
-5.42e-05,0.012
-5.4e-05,0.02
-5.38e-05,0.0208
-5.36e-05,0.0176
-5.34e-05,0.0192
-5.32e-05,0.0176
-5.3e-05,0.0152
-5.28e-05,0.0176
-5.26e-05,0.016
-5.24e-05,0.0192
-5.22e-05,0.0168
-5.2e-05,0.016
-5.18e-05,0.0144
-5.16e-05,0.0104
-5.14e-05,0.016
-5.12e-05,0.016
-5.1e-05,0.0176
-5.08e-05,0.0136
-5.06e-05,0.0168
-5.04e-05,0.0192
-5.02e-05,0.0136
-5e-05,0.0192
-4.98e-05,0.0176
-4.96e-05,0.0104
-4.94e-05,0.0176
-4.92e-05,0.0176
-4.9e-05,0.0192
-4.88e-05,0.0152
-4.86e-05,0.0176
-4.84e-05,0.0192
-4.82e-05,0.012
-4.8e-05,0.0128
-4.78e-05,0.0152
-4.76e-05,0.012
-4.74e-05,0.016
-4.72e-05,0.016
-4.7e-05,0.0176
-4.68e-05,0.0184
-4.66e-05,0.016
-4.64e-05,0.0168
-4.62e-05,0.012
-4.6e-05,0.0232
-4.58e-05,0.0136
-4.56e-05,0.0144
-4.54e-05,0.016
-4.52e-05,0.0168
-4.5e-05,0.016
-4.48e-05,0.0104
-4.46e-05,0.0152
-4.44e-05,0.0184
-4.42e-05,0.0152
-4.4e-05,0.0176
-4.38e-05,0.0088
-4.36e-05,0.02
-4.34e-05,0.0136
-4.32e-05,0.0112
-4.3e-05,0.0144
-4.28e-05,0.0136
-4.26e-05,0.0128
-4.24e-05,0.0096
-4.22e-05,0.0144
-4.2e-05,0.0072
-4.18e-05,0.0168
-4.16e-05,0.0104
-4.14e-05,0.0112
-4.12e-05,0.0072
-4.1e-05,0.0096
-4.08e-05,0.0112
-4.06e-05,0.0104
-4.04e-05,0.0136
-4.02e-05,0.012
-4e-05,0.016
-3.98e-05,0.0104
-3.96e-05,0.0136
-3.94e-05,0.012
-3.92e-05,0.012
-3.9e-05,0.008
-3.88e-05,0.0072
-3.86e-05,0.0048
-3.84e-05,0.0112
-3.82e-05,0.0088
-3.8e-05,0.0112
-3.78e-05,0.0136
-3.76e-05,0.0096
-3.74e-05,0.012
-3.72e-05,0.0064
-3.7e-05,0.0104
-3.68e-05,0.0056
-3.66e-05,0.0064
-3.64e-05,0.0104
-3.62e-05,0.0064
-3.6e-05,0.012
-3.58e-05,0.0072
-3.56e-05,0.012
-3.54e-05,0.0032
-3.52e-05,0.0072
-3.5e-05,0.0048
-3.48e-05,0.004
-3.46e-05,0.0056
-3.44e-05,0.0056
-3.42e-05,0.0096
-3.4e-05,0.0072
-3.38e-05,0.0168
-3.36e-05,0.008
-3.34e-05,0.0104
-3.32e-05,0.0112
-3.3e-05,0.0032
-3.28e-05,0.0024
-3.26e-05,0.0056
-3.24e-05,0.004
-3.22e-05,0.0016
-3.2e-05,-0.0024
-3.18e-05,0.0016
-3.16e-05,0.0016
-3.14e-05,0.0
-3.12e-05,0.0072
-3.1e-05,0.0016
-3.08e-05,0.004
-3.06e-05,0.0008
-3.04e-05,0.0016
-3.02e-05,0.0056
-3e-05,0.004
-2.98e-05,0.0008
-2.96e-05,0.0032
-2.94e-05,0.0056
-2.92e-05,0.0032
-2.9e-05,0.004
-2.88e-05,0.0016
-2.86e-05,-0.0008
-2.84e-05,0.0048
-2.82e-05,0.0008
-2.8e-05,0.0016
-2.78e-05,0.0024
-2.76e-05,0.0016
-2.74e-05,-0.0008
-2.72e-05,0.0
-2.7e-05,0.0
-2.68e-05,0.0016
-2.66e-05,-0.0016
-2.64e-05,0.0032
-2.62e-05,0.0064
-2.6e-05,0.0064
-2.58e-05,-0.0032
-2.56e-05,-0.0032
-2.54e-05,-0.0008
-2.52e-05,-0.0008
-2.5e-05,-0.004
-2.48e-05,0.0016
-2.46e-05,0.0064
-2.44e-05,0.0
-2.42e-05,-0.0024
-2.4e-05,0.004
-2.38e-05,-0.0016
-2.36e-05,-0.0024
-2.34e-05,-0.0016
-2.32e-05,0.0008
-2.3e-05,0.0016
-2.28e-05,-0.0016
-2.26e-05,-0.004
-2.24e-05,-0.0024
-2.22e-05,-0.0024
-2.2e-05,0.0032
-2.18e-05,-0.0048
-2.16e-05,-0.004
-2.14e-05,-0.004
-2.12e-05,-0.004
-2.1e-05,-0.004
-2.08e-05,-0.0016
-2.06e-05,-0.0048
-2.04e-05,-0.0048
-2.02e-05,0.0
-2e-05,-0.0024
-1.98e-05,0.004
-1.96e-05,-0.0048
-1.94e-05,0.0
-1.92e-05,-0.0072
-1.9e-05,-0.0016
-1.88e-05,-0.0072
-1.86e-05,-0.0048
-1.84e-05,-0.004
-1.82e-05,-0.0032
-1.8e-05,-0.0032
-1.78e-05,-0.0016
-1.76e-05,0.0
-1.74e-05,-0.0032
-1.72e-05,-0.0024
-1.7e-05,-0.0056
-1.68e-05,-0.008
-1.66e-05,-0.004
-1.64e-05,-0.0096
-1.62e-05,-0.0056
-1.6e-05,-0.0024
-1.58e-05,-0.0056
-1.56e-05,-0.0064
-1.54e-05,-0.0056
-1.52e-05,0.0
-1.5e-05,-0.0016
-1.48e-05,-0.0056
-1.46e-05,0.0024
-1.44e-05,-0.0016
-1.42e-05,-0.0048
-1.4e-05,-0.0056
-1.38e-05,-0.008
-1.36e-05,-0.0016
-1.34e-05,-0.0016
-1.32e-05,-0.0072
-1.3e-05,-0.0048
-1.28e-05,-0.0056
-1.26e-05,-0.0048
-1.24e-05,-0.0032
-1.22e-05,-0.0008
-1.2e-05,-0.0048
-1.18e-05,-0.0024
-1.16e-05,-0.0032
-1.14e-05,-0.0016
-1.12e-05,-0.004
-1.1e-05,0.0008
-1.08e-05,-0.0064
-1.06e-05,-0.008
-1.04e-05,-0.0088
-1.02e-05,-0.0104
-1e-05,-0.0104
-9.8e-06,-0.0088
-9.6e-06,-0.0112
-9.4e-06,-0.0072
-9.2e-06,-0.0016
-9e-06,-0.008
-8.8e-06,-0.0056
-8.6e-06,-0.0096
-8.4e-06,-0.004
-8.2e-06,-0.0096
-8e-06,-0.0088
-7.8e-06,-0.0104
-7.6e-06,-0.0064
-7.4e-06,-0.004
-7.2e-06,-0.0072
-7e-06,-0.0104
-6.8e-06,-0.0072
-6.6e-06,-0.0104
-6.4e-06,-0.0024
-6.2e-06,-0.0048
-6e-06,-0.0056
-5.8e-06,-0.008
-5.6e-06,-0.0096
-5.4e-06,-0.0096
-5.2e-06,-0.0128
-5e-06,-0.0072
-4.8e-06,-0.0064
-4.6e-06,-0.0048
-4.4e-06,-0.008
-4.2e-06,-0.0104
-4e-06,-0.0072
-3.8e-06,-0.0072
-3.6e-06,-0.0048
-3.4e-06,-0.0104
-3.2e-06,-0.0088
-3e-06,-0.0056
-2.8e-06,-0.0088
-2.6e-06,-0.004
-2.4e-06,-0.0104
-2.2e-06,-0.0064
-2e-06,-0.0032
-1.8e-06,-0.0048
-1.6e-06,-0.004
-1.4e-06,-0.0056
-1.2e-06,-0.0088
-9.99999999997e-07,-0.0096
-7.99999999997e-07,-0.012
-5.99999999997e-07,-0.0088
-3.99999999997e-07,-0.0104
-1.99999999997e-07,-0.0104
2.66984784975e-18,-0.0032
2.00000000003e-07,-0.012
4.00000000003e-07,-0.0064
6.00000000003e-07,-0.0096
8.00000000003e-07,0.0008
1e-06,-0.0112
1.2e-06,-0.0096
1.4e-06,-0.0064
1.6e-06,-0.0064
1.8e-06,-0.008
2e-06,-0.0048
2.2e-06,-0.0072
2.4e-06,-0.0064
2.6e-06,-0.0072
2.8e-06,-0.0096
3e-06,-0.008
3.2e-06,-0.0072
3.4e-06,-0.0064
3.6e-06,-0.0064
3.8e-06,-0.0096
4e-06,-0.0072
4.2e-06,-0.0064
4.4e-06,-0.0088
4.6e-06,-0.0096
4.8e-06,-0.0048
5e-06,-0.0016
5.2e-06,-0.0088
5.4e-06,-0.004
5.6e-06,-0.0048
5.8e-06,-0.004
6e-06,0.0
6.2e-06,-0.0032
6.4e-06,-0.004
6.6e-06,-0.004
6.8e-06,-0.0048
7e-06,-0.004
7.2e-06,-0.004
7.4e-06,-0.0024
7.6e-06,-0.0096
7.8e-06,-0.0064
8e-06,-0.0016
8.2e-06,-0.0008
8.4e-06,0.0008
8.6e-06,-0.0016
8.8e-06,0.0024
9e-06,0.0064
9.2e-06,-0.0024
9.4e-06,0.0
9.6e-06,-0.0016
9.8e-06,0.0008
1e-05,0.0
1.02e-05,-0.0032
1.04e-05,-0.004
1.06e-05,-0.0024
1.08e-05,-0.0008
1.1e-05,-0.0008
1.12e-05,0.0032
1.14e-05,0.004
1.16e-05,-0.0016
1.18e-05,0.0
1.2e-05,-0.004
1.22e-05,0.0016
1.24e-05,-0.0024
1.26e-05,-0.0032
1.28e-05,0.004
1.3e-05,-0.0048
1.32e-05,0.004
1.34e-05,0.004
1.36e-05,0.004
1.38e-05,0.0048
1.4e-05,0.0008
1.42e-05,0.004
1.44e-05,-0.0024
1.46e-05,-0.0016
1.48e-05,-0.0016
1.5e-05,-0.0024
1.52e-05,0.0
1.54e-05,-0.0016
1.56e-05,-0.0016
1.58e-05,0.008
1.6e-05,0.0048
1.62e-05,0.0088
1.64e-05,0.0064
1.66e-05,0.0056
1.68e-05,0.0048
1.7e-05,0.004
1.72e-05,0.0032
1.74e-05,0.004
1.76e-05,0.0088
1.78e-05,0.0016
1.8e-05,0.0072
1.82e-05,0.0008
1.84e-05,0.0064
1.86e-05,0.0048
1.88e-05,0.0072
1.9e-05,0.0072
1.92e-05,0.0048
1.94e-05,0.0008
1.96e-05,0.0016
1.98e-05,0.004
2e-05,0.0088
2.02e-05,0.008
2.04e-05,0.0096
2.06e-05,0.0096
2.08e-05,0.0048
2.1e-05,0.0072
2.12e-05,0.0048
2.14e-05,0.0064
2.16e-05,0.0064
2.18e-05,0.0072
2.2e-05,0.004
2.22e-05,0.008
2.24e-05,0.0072
2.26e-05,0.0048
2.28e-05,0.008
2.3e-05,0.0072
2.32e-05,0.0064
2.34e-05,0.0104
2.36e-05,0.0072
2.38e-05,0.0104
2.4e-05,0.0088
2.42e-05,0.0096
2.44e-05,0.0104
2.46e-05,0.0072
2.48e-05,0.0096
2.5e-05,0.0088
2.52e-05,0.0056
2.54e-05,0.004
2.56e-05,0.0104
2.58e-05,0.0088
2.6e-05,0.0112
2.62e-05,0.0096
2.64e-05,0.0096
2.66e-05,0.0096
2.68e-05,0.0112
2.7e-05,0.012
2.72e-05,0.0128
2.74e-05,0.0096
2.76e-05,0.0072
2.78e-05,0.0072
2.8e-05,0.0096
2.82e-05,0.0072
2.84e-05,0.0088
2.86e-05,0.0136
2.88e-05,0.0104
2.9e-05,0.0104
2.92e-05,0.012
2.94e-05,0.0136
2.96e-05,0.016
2.98e-05,0.016
3e-05,0.0136
3.02e-05,0.0168
3.04e-05,0.0152
3.06e-05,0.0096
3.08e-05,0.0112
3.1e-05,0.016
3.12e-05,0.0152
3.14e-05,0.0184
3.16e-05,0.012
3.18e-05,0.0184
3.2e-05,0.0216
3.22e-05,0.0136
3.24e-05,0.0168
3.26e-05,0.0096
3.28e-05,0.016
3.3e-05,0.0128
3.32e-05,0.0088
3.34e-05,0.0136
3.36e-05,0.0128
3.38e-05,0.0136
3.4e-05,0.0112
3.42e-05,0.0128
3.44e-05,0.0152
3.46e-05,0.016
3.48e-05,0.0176
3.5e-05,0.0184
3.52e-05,0.0208
3.54e-05,0.0184
3.56e-05,0.0232
3.58e-05,0.02
3.6e-05,0.0152
3.62e-05,0.0208
3.64e-05,0.0176
3.66e-05,0.0176
3.68e-05,0.0152
3.7e-05,0.016
3.72e-05,0.0152
3.74e-05,0.0192
3.76e-05,0.0168
3.78e-05,0.0184
3.8e-05,0.0112
3.82e-05,0.0184
3.84e-05,0.0152
3.86e-05,0.0216
3.88e-05,0.0128
3.9e-05,0.0152
3.92e-05,0.0192
3.94e-05,0.0192
3.96e-05,0.02
3.98e-05,0.02
4e-05,0.02
4.02e-05,0.0272
4.04e-05,0.0224
4.06e-05,0.0176
4.08e-05,0.0208
4.1e-05,0.02
4.12e-05,0.0144
4.14e-05,0.0176
4.16e-05,0.0176
4.18e-05,0.0152
4.2e-05,0.0232
4.22e-05,0.0144
4.24e-05,0.0144
4.26e-05,0.0168
4.28e-05,0.0192
4.3e-05,0.0248
4.32e-05,0.0224
4.34e-05,0.0152
4.36e-05,0.0152
4.38e-05,0.0184
4.4e-05,0.0096
4.42e-05,0.0136
4.44e-05,0.0152
4.46e-05,0.0184
4.48e-05,0.0152
4.5e-05,0.0152
4.52e-05,0.0184
4.54e-05,0.0192
4.56e-05,0.0216
4.58e-05,0.0176
4.6e-05,0.0176
4.62e-05,0.0152
4.64e-05,0.02
4.66e-05,0.0192
4.68e-05,0.0176
4.7e-05,0.0208
4.72e-05,0.0224
4.74e-05,0.0168
4.76e-05,0.016
4.78e-05,0.0184
4.8e-05,0.0112
4.82e-05,0.0184
4.84e-05,0.0168
4.86e-05,0.0128
4.88e-05,0.012
4.9e-05,0.0184
4.92e-05,0.016
4.94e-05,0.0128
4.96e-05,0.0184
4.98e-05,0.0168
5e-05,0.0184
5.02e-05,0.0208
5.04e-05,0.0152
5.06e-05,0.0168
5.08e-05,0.0152
5.1e-05,0.0176
5.12e-05,0.0184
5.14e-05,0.0176
5.16e-05,0.0152
5.18e-05,0.0184
5.2e-05,0.02
5.22e-05,0.0136
5.24e-05,0.0144
5.26e-05,0.0176
5.28e-05,0.016
5.3e-05,0.016
5.32e-05,0.0152
5.34e-05,0.016
5.36e-05,0.0144
5.38e-05,0.0168
5.4e-05,0.0192
5.42e-05,0.0184
5.44e-05,0.016
5.46e-05,0.0192
5.48e-05,0.0152
5.5e-05,0.0128
5.52e-05,0.0152
5.54e-05,0.0168
5.56e-05,0.012
5.58e-05,0.0168
5.6e-05,0.0128
5.62e-05,0.016
5.64e-05,0.0136
5.66e-05,0.0104
5.68e-05,0.0128
5.7e-05,0.0104
5.72e-05,0.0168
5.74e-05,0.012
5.76e-05,0.0184
5.78e-05,0.0128
5.8e-05,0.0096
5.82e-05,0.0184
5.84e-05,0.0096
5.86e-05,0.0104
5.88e-05,0.0128
5.9e-05,0.0104
5.92e-05,0.012
5.94e-05,0.012
5.96e-05,0.0168
5.98e-05,0.0128
6e-05,0.0072
6.02e-05,0.012
6.04e-05,0.0056
6.06e-05,0.0104
6.08e-05,0.0104
6.1e-05,0.0104
6.12e-05,0.0128
6.14e-05,0.0128
6.16e-05,0.012
6.18e-05,0.0088
6.2e-05,0.0104
6.22e-05,0.0072
6.24e-05,0.0056
6.26e-05,0.0152
6.28e-05,0.0056
6.3e-05,0.0072
6.32e-05,0.0064
6.34e-05,0.0072
6.36e-05,0.0088
6.38e-05,0.0056
6.4e-05,0.012
6.42e-05,0.0064
6.44e-05,0.0056
6.46e-05,0.0016
6.48e-05,0.004
6.5e-05,0.0096
6.52e-05,0.0104
6.54e-05,0.012
6.56e-05,0.008
6.58e-05,0.012
6.6e-05,0.0088
6.62e-05,0.0064
6.64e-05,0.0088
6.66e-05,0.0104
6.68e-05,0.008
6.7e-05,0.0048
6.72e-05,0.004
6.74e-05,0.0088
6.76e-05,0.0056
6.78e-05,0.0104
6.8e-05,0.0064
6.82e-05,0.0048
6.84e-05,0.004
6.86e-05,0.0008
6.88e-05,0.004
6.9e-05,0.0032
6.92e-05,0.0104
6.94e-05,0.0048
6.96e-05,0.004
6.98e-05,0.0072
7e-05,0.008
7.02e-05,0.0072
7.04e-05,0.0072
7.06e-05,0.0024
7.08e-05,0.0016
7.1e-05,0.0088
7.12e-05,0.004
7.14e-05,0.0048
7.16e-05,0.0024
7.18e-05,0.0032
7.2e-05,0.0072
7.22e-05,0.004
7.24e-05,-0.0016
7.26e-05,0.004
7.28e-05,0.0048
7.3e-05,0.0064
7.32e-05,0.0064
7.34e-05,0.0064
7.36e-05,0.004
7.38e-05,-0.0008
7.4e-05,0.0
7.42e-05,0.0032
7.44e-05,0.0032
7.46e-05,0.0056
7.48e-05,-0.0016
7.5e-05,0.0008
7.52e-05,-0.0008
7.54e-05,0.004
7.56e-05,0.0008
7.58e-05,-0.004
7.6e-05,0.0016
7.62e-05,-0.0016
7.64e-05,-0.0048
7.66e-05,-0.004
7.68e-05,-0.004
7.7e-05,-0.0016
7.72e-05,-0.0048
7.74e-05,-0.004
7.76e-05,-0.008
7.78e-05,0.0016
7.8e-05,-0.0032
7.82e-05,-0.004
7.84e-05,-0.0048
7.86e-05,-0.0024
7.88e-05,-0.008
7.9e-05,-0.004
7.92e-05,-0.0024
7.94e-05,-0.0056
7.96e-05,0.0016
7.98e-05,0.0008
8e-05,-0.0048
8.02e-05,-0.0048
8.04e-05,-0.0088
8.06e-05,-0.0016
8.08e-05,-0.0056
8.1e-05,-0.004
8.12e-05,-0.0016
8.14e-05,-0.0024
8.16e-05,-0.004
8.18e-05,-0.0064
8.2e-05,-0.0104
8.22e-05,-0.004
8.24e-05,0.0
8.26e-05,-0.0096
8.28e-05,-0.0088
8.3e-05,-0.008
8.32e-05,-0.0072
8.34e-05,-0.0064
8.36e-05,-0.0048
8.38e-05,-0.0064
8.4e-05,-0.0024
8.42e-05,-0.008
8.44e-05,-0.0088
8.46e-05,-0.0048
8.48e-05,-0.0072
8.5e-05,-0.0072
8.52e-05,-0.008
8.54e-05,-0.0024
8.56e-05,-0.008
8.58e-05,-0.0056
8.6e-05,-0.0112
8.62e-05,-0.0048
8.64e-05,-0.004
8.66e-05,-0.004
8.68e-05,-0.0096
8.7e-05,-0.0064
8.72e-05,-0.0096
8.74e-05,-0.0088
8.76e-05,-0.0064
8.78e-05,-0.0064
8.8e-05,-0.0064
8.82e-05,-0.0112
8.84e-05,-0.0048
8.86e-05,-0.0088
8.88e-05,-0.004
8.9e-05,-0.0048
8.92e-05,-0.0088
8.94e-05,-0.0072
8.96e-05,-0.0056
8.98e-05,-0.0048
9e-05,-0.0072
9.02e-05,-0.0112
9.04e-05,-0.0072
9.06e-05,-0.0056
9.08e-05,-0.0048
9.1e-05,-0.0072
9.12e-05,-0.0064
9.14e-05,-0.0104
9.16e-05,-0.008
9.18e-05,-0.0064
9.2e-05,-0.0072
9.22e-05,-0.0048
9.24e-05,-0.0072
9.26e-05,-0.0072
9.28e-05,-0.0072
9.3e-05,-0.0056
9.32e-05,-0.0048
9.34e-05,-0.0104
9.36e-05,-0.012
9.38e-05,-0.008
9.4e-05,-0.004
9.42e-05,-0.004
9.44e-05,-0.008
9.46e-05,-0.0072
9.48e-05,-0.0048
9.5e-05,-0.0048
9.52e-05,-0.012
9.54e-05,-0.0112
9.56e-05,-0.0096
9.58e-05,-0.0056
9.6e-05,-0.0104
9.62e-05,-0.0152
9.64e-05,-0.0056
9.66e-05,-0.0048
9.68e-05,-0.0048
9.7e-05,-0.0048
9.72e-05,-0.008
9.74e-05,-0.012
9.76e-05,-0.0048
9.78e-05,-0.008
9.8e-05,-0.0072
9.82e-05,-0.0096
9.84e-05,-0.0104
9.86e-05,-0.0056
9.88e-05,-0.0096
9.9e-05,-0.0104
9.92e-05,-0.0048
9.94e-05,-0.0056
9.96e-05,-0.0048
9.98e-05,-0.0048
0.0001,-0.0048
0.0001002,-0.0056
0.0001004,-0.0064
0.0001006,-0.0048
0.0001008,-0.0056
0.000101,-0.0048
0.0001012,-0.0016
0.0001014,-0.0056
0.0001016,-0.0072
0.0001018,-0.0048
0.000102,-0.0088
0.0001022,-0.0104
0.0001024,-0.0096
0.0001026,-0.0096
0.0001028,-0.0072
0.000103,-0.0104
0.0001032,-0.0048
0.0001034,-0.0016
0.0001036,-0.004
0.0001038,-0.004
0.000104,0.0032
0.0001042,0.0
0.0001044,-0.004
0.0001046,-0.0064
0.0001048,0.004
0.000105,-0.0024
0.0001052,-0.0032
0.0001054,-0.0056
0.0001056,-0.0104
0.0001058,-0.0056
0.000106,-0.0056
0.0001062,-0.0048
0.0001064,0.0
0.0001066,-0.0048
0.0001068,-0.0064
0.000107,-0.004
0.0001072,-0.0048
0.0001074,0.0008
0.0001076,-0.004
0.0001078,-0.004
0.000108,-0.004
0.0001082,-0.008
0.0001084,-0.0008
0.0001086,-0.004
0.0001088,0.0
0.000109,-0.0032
0.0001092,-0.0048
0.0001094,0.0008
0.0001096,0.0
0.0001098,-0.0016
0.00011,-0.0024
0.0001102,-0.0008
0.0001104,-0.0024
0.0001106,0.0008
0.0001108,-0.004
0.000111,-0.0032
0.0001112,0.0008
0.0001114,0.004
0.0001116,0.0008
0.0001118,0.0
0.000112,-0.0008
0.0001122,0.0048
0.0001124,0.008
0.0001126,0.0008
0.0001128,0.004
0.000113,0.0016
0.0001132,0.004
0.0001134,0.0
0.0001136,-0.0016
0.0001138,-0.0024
0.000114,-0.0016
0.0001142,0.0008
0.0001144,0.0032
0.0001146,0.0032
0.0001148,0.0048
0.000115,0.0056
0.0001152,0.0024
0.0001154,0.0008
0.0001156,0.0032
0.0001158,-0.0024
0.000116,-0.0016
0.0001162,0.0048
0.0001164,-0.0016
0.0001166,0.0072
0.0001168,0.0064
0.000117,0.0048
0.0001172,0.0008
0.0001174,0.0064
0.0001176,0.0056
0.0001178,0.004
0.000118,0.0016
0.0001182,-0.0024
0.0001184,0.0032
0.0001186,0.0072
0.0001188,0.0064
0.000119,0.0064
0.0001192,0.0024
0.0001194,0.0096
0.0001196,0.0088
0.0001198,0.0024
0.00012,0.0064
0.0001202,0.0104
0.0001204,0.0104
0.0001206,0.0064
0.0001208,0.0064
0.000121,0.0088
0.0001212,0.0096
0.0001214,0.0056
0.0001216,0.0056
0.0001218,0.0064
0.000122,0.0048
0.0001222,0.0048
0.0001224,0.0056
0.0001226,0.0032
0.0001228,-0.0024
0.000123,0.0088
0.0001232,0.0072
0.0001234,0.0048
0.0001236,0.0072
0.0001238,0.0096
0.000124,0.0104
0.0001242,0.0056
0.0001244,0.0096
0.0001246,0.0072
0.0001248,0.0136
0.000125,0.0128
0.0001252,0.0088
0.0001254,0.0048
0.0001256,0.0136
0.0001258,0.0144
0.000126,0.0136
0.0001262,0.0128
0.0001264,0.0104
0.0001266,0.0184
0.0001268,0.0088
0.000127,0.0128
0.0001272,0.016
0.0001274,0.016
0.0001276,0.0128
0.0001278,0.0128
0.000128,0.016
0.0001282,0.0136
0.0001284,0.0104
0.0001286,0.0136
0.0001288,0.0104
0.000129,0.0112
0.0001292,0.0104
0.0001294,0.0176
0.0001296,0.0144
0.0001298,0.0104
0.00013,0.0152
0.0001302,0.0176
0.0001304,0.0176
0.0001306,0.0152
0.0001308,0.0144
0.000131,0.012
0.0001312,0.0168
0.0001314,0.0152
0.0001316,0.0136
0.0001318,0.0104
0.000132,0.0152
0.0001322,0.0112
0.0001324,0.0152
0.0001326,0.0152
0.0001328,0.0144
0.000133,0.0152
0.0001332,0.012
0.0001334,0.0168
0.0001336,0.0152
0.0001338,0.016
0.000134,0.012
0.0001342,0.0184
0.0001344,0.0176
0.0001346,0.0208
0.0001348,0.0176
0.000135,0.0144
0.0001352,0.0208
0.0001354,0.016
0.0001356,0.0136
0.0001358,0.0128
0.000136,0.016
0.0001362,0.0152
0.0001364,0.0104
0.0001366,0.012
0.0001368,0.016
0.000137,0.0152
0.0001372,0.016
0.0001374,0.0168
0.0001376,0.0216
0.0001378,0.0192
0.000138,0.0128
0.0001382,0.016
0.0001384,0.016
0.0001386,0.0152
0.0001388,0.0168
0.000139,0.0216
0.0001392,0.0184
0.0001394,0.012
0.0001396,0.0176
0.0001398,0.0144
0.00014,0.0136
0.0001402,0.016
0.0001404,0.0128
0.0001406,0.0144
0.0001408,0.0128
0.000141,0.0136
0.0001412,0.0144
0.0001414,0.0208
0.0001416,0.0176
0.0001418,0.0184
0.000142,0.0224
0.0001422,0.0176
0.0001424,0.0176
0.0001426,0.0128
0.0001428,0.0184
0.000143,0.0168
0.0001432,0.0192
0.0001434,0.0184
0.0001436,0.02
0.0001438,0.016
0.000144,0.0152
0.0001442,0.0176
0.0001444,0.0152
0.0001446,0.02
0.0001448,0.02
0.000145,0.0152
0.0001452,0.0152
0.0001454,0.0168
0.0001456,0.0192
0.0001458,0.0192
0.000146,0.0176
0.0001462,0.016
0.0001464,0.0168
0.0001466,0.016
0.0001468,0.0216
0.000147,0.0184
0.0001472,0.0192
0.0001474,0.0152
0.0001476,0.0192
0.0001478,0.0176
0.000148,0.0192
0.0001482,0.0152
0.0001484,0.0136
0.0001486,0.0192
0.0001488,0.0136
0.000149,0.0216
0.0001492,0.0224
0.0001494,0.0184
0.0001496,0.0176
0.0001498,0.0152
0.00015,0.0176
0.0001502,0.0184
0.0001504,0.0128
0.0001506,0.016
0.0001508,0.0192
0.000151,0.0192
0.0001512,0.0184
0.0001514,0.016
0.0001516,0.012
0.0001518,0.012
0.000152,0.02
0.0001522,0.0152
0.0001524,0.0184
0.0001526,0.0112
0.0001528,0.0104
0.000153,0.016
0.0001532,0.016
0.0001534,0.016
0.0001536,0.0136
0.0001538,0.016
0.000154,0.0208
0.0001542,0.016
0.0001544,0.0144
0.0001546,0.0144
0.0001548,0.016
0.000155,0.0176
0.0001552,0.0144
0.0001554,0.016
0.0001556,0.0136
0.0001558,0.016
0.000156,0.0104
0.0001562,0.0136
0.0001564,0.0192
0.0001566,0.016
0.0001568,0.0128
0.000157,0.0128
0.0001572,0.0136
0.0001574,0.0096
0.0001576,0.0048
0.0001578,0.0104
0.000158,0.0128
0.0001582,0.0144
0.0001584,0.016
0.0001586,0.0176
0.0001588,0.016
0.000159,0.012
0.0001592,0.0144
0.0001594,0.0128
0.0001596,0.0128
0.0001598,0.0136
0.00016,0.0128
0.0001602,0.0088
0.0001604,0.0104
0.0001606,0.012
0.0001608,0.0104
0.000161,0.0144
0.0001612,0.012
0.0001614,0.0136
0.0001616,0.008
0.0001618,0.0128
0.000162,0.0136
0.0001622,0.0104
0.0001624,0.012
0.0001626,0.0096
0.0001628,0.0064
0.000163,0.0144
0.0001632,0.0072
0.0001634,0.0056
0.0001636,0.0032
0.0001638,0.0088
0.000164,0.0008
0.0001642,0.0056
0.0001644,0.0056
0.0001646,0.0032
0.0001648,0.0088
0.000165,0.004
0.0001652,0.0088
0.0001654,0.0072
0.0001656,0.008
0.0001658,0.0096
0.000166,0.0048
0.0001662,0.0016
0.0001664,0.0072
0.0001666,0.0056
0.0001668,0.0104
0.000167,0.004
0.0001672,0.0104
0.0001674,0.0064
0.0001676,0.004
0.0001678,0.0072
0.000168,0.0008
0.0001682,0.0048
0.0001684,0.0048
0.0001686,0.0064
0.0001688,0.004
0.000169,0.004
0.0001692,0.0048
0.0001694,0.0024
0.0001696,0.0048
0.0001698,0.0008
0.00017,-0.0016
0.0001702,0.0016
0.0001704,-0.0008
0.0001706,0.004
0.0001708,0.004
0.000171,0.0072
0.0001712,0.0024
0.0001714,-0.0016
0.0001716,0.004
0.0001718,0.004
0.000172,0.0016
0.0001722,0.0032
0.0001724,0.0016
0.0001726,0.0008
0.0001728,-0.008
0.000173,0.0008
0.0001732,0.0008
0.0001734,-0.0016
0.0001736,0.0048
0.0001738,0.0016
0.000174,-0.0008
0.0001742,0.0
0.0001744,0.0016
0.0001746,0.0016
0.0001748,-0.0016
0.000175,0.0024
0.0001752,0.0008
0.0001754,-0.0016
0.0001756,-0.0024
0.0001758,-0.0048
0.000176,-0.0016
0.0001762,0.0016
0.0001764,-0.0024
0.0001766,-0.0048
0.0001768,0.0024
0.000177,-0.0024
0.0001772,-0.0032
0.0001774,0.0016
0.0001776,-0.0048
0.0001778,-0.0032
0.000178,-0.0056
0.0001782,-0.0016
0.0001784,0.0016
0.0001786,-0.0024
0.0001788,-0.008
0.000179,-0.0024
0.0001792,-0.0016
0.0001794,0.0
0.0001796,-0.0072
0.0001798,-0.0064
0.00018,-0.0088
0.0001802,-0.008
0.0001804,-0.0096
0.0001806,-0.0104
0.0001808,0.0016
0.000181,-0.0096
0.0001812,-0.0048
0.0001814,-0.0072
0.0001816,-0.0048
0.0001818,-0.0008
0.000182,-0.0056
0.0001822,-0.0024
0.0001824,-0.0016
0.0001826,-0.0024
0.0001828,0.0008
0.000183,-0.0056
0.0001832,-0.0024
0.0001834,-0.0088
0.0001836,-0.0128
0.0001838,-0.0128
0.000184,-0.0064
0.0001842,-0.0048
0.0001844,-0.004
0.0001846,-0.0072
0.0001848,-0.0056
0.000185,-0.0016
0.0001852,-0.0016
0.0001854,-0.0056
0.0001856,-0.0056
0.0001858,-0.0048
0.000186,-0.0056
0.0001862,-0.0056
0.0001864,-0.0056
0.0001866,-0.0112
0.0001868,-0.008
0.000187,-0.0024
0.0001872,-0.0056
0.0001874,-0.008
0.0001876,-0.008
0.0001878,-0.0056
0.000188,-0.004
0.0001882,-0.0104
0.0001884,-0.0032
0.0001886,-0.0016
0.0001888,0.0
0.000189,-0.008
0.0001892,-0.0064
0.0001894,-0.0128
0.0001896,-0.0112
0.0001898,-0.004
0.00019,-0.0088
0.0001902,-0.0064
0.0001904,-0.0064
0.0001906,-0.0024
0.0001908,0.0
0.000191,-0.008
0.0001912,-0.0072
0.0001914,-0.008
0.0001916,-0.0056
0.0001918,-0.008
0.000192,-0.0048
0.0001922,-0.0104
0.0001924,-0.008
0.0001926,-0.0056
0.0001928,-0.008
0.000193,-0.0096
0.0001932,-0.008
0.0001934,-0.008
0.0001936,-0.0056
0.0001938,-0.008
0.000194,-0.004
0.0001942,-0.0032
0.0001944,-0.008
0.0001946,-0.008
0.0001948,-0.0056
0.000195,-0.008
0.0001952,-0.0072
0.0001954,-0.008
0.0001956,-0.0112
0.0001958,-0.0104
0.000196,-0.0112
0.0001962,-0.0064
0.0001964,-0.008
0.0001966,-0.0048
0.0001968,-0.0048
0.000197,-0.0048
0.0001972,-0.0128
0.0001974,-0.0056
0.0001976,-0.0112
0.0001978,-0.0104
0.000198,0.0008
0.0001982,-0.0048
0.0001984,-0.0056
0.0001986,-0.0072
0.0001988,-0.0008
0.000199,-0.0072
0.0001992,-0.008
0.0001994,-0.008
0.0001996,-0.0088
0.0001998,-0.008
0.0002,-0.008
0.0002002,-0.0056
0.0002004,-0.0104
0.0002006,-0.0136
0.0002008,-0.0048
0.000201,-0.0072
0.0002012,-0.004
0.0002014,-0.0016
0.0002016,-0.0112
0.0002018,-0.0024
0.000202,-0.0072
0.0002022,-0.0104
0.0002024,-0.0064
0.0002026,-0.0048
0.0002028,-0.0072
0.000203,-0.0024
0.0002032,-0.0064
0.0002034,-0.0096
0.0002036,-0.0024
0.0002038,-0.0024
0.000204,-0.0016
0.0002042,-0.0016
0.0002044,-0.0048
0.0002046,-0.008
0.0002048,-0.0088
0.000205,-0.0024
0.0002052,-0.0024
0.0002054,-0.0016
0.0002056,-0.0016
0.0002058,-0.0056
0.000206,-0.0024
0.0002062,0.0
0.0002064,-0.0024
0.0002066,-0.004
0.0002068,0.0016
0.000207,-0.0048
0.0002072,-0.0048
0.0002074,-0.0032
0.0002076,-0.0048
0.0002078,-0.0024
0.000208,-0.004
0.0002082,-0.0072
0.0002084,0.0
0.0002086,-0.0032
0.0002088,-0.0024
0.000209,0.0
0.0002092,0.0
0.0002094,-0.0024
0.0002096,0.0
0.0002098,-0.0032
0.00021,-0.0016
0.0002102,0.0008
0.0002104,0.0008
0.0002106,0.0008
0.0002108,-0.004
0.000211,-0.004
0.0002112,0.0016
0.0002114,0.0024
0.0002116,-0.0008
0.0002118,-0.0072
0.000212,-0.0056
0.0002122,-0.004
0.0002124,-0.0008
0.0002126,-0.0016
0.0002128,0.0056
0.000213,0.0032
0.0002132,0.0
0.0002134,0.0032
0.0002136,0.0016
0.0002138,0.0024
0.000214,-0.0008
0.0002142,0.0072
0.0002144,0.0008
0.0002146,0.0024
0.0002148,0.0
0.000215,-0.0032
0.0002152,0.0008
0.0002154,-0.0024
0.0002156,0.0096
0.0002158,0.0064
0.000216,0.0072
0.0002162,0.0008
0.0002164,0.0048
0.0002166,0.0096
0.0002168,0.0024
0.000217,0.004
0.0002172,0.0064
0.0002174,0.0064
0.0002176,0.004
0.0002178,0.0016
0.000218,0.0056
0.0002182,0.0024
0.0002184,0.0072
0.0002186,0.0064
0.0002188,0.004
0.000219,0.0048
0.0002192,0.0016
0.0002194,0.0
0.0002196,0.0032
0.0002198,0.0048
0.00022,0.0104
0.0002202,0.0072
0.0002204,0.0104
0.0002206,0.0056
0.0002208,0.0112
0.000221,0.012
0.0002212,0.0056
0.0002214,0.0096
0.0002216,0.0096
0.0002218,0.0088
0.000222,0.0048
0.0002222,0.0064
0.0002224,0.0048
0.0002226,0.0112
0.0002228,0.0112
0.000223,0.008
0.0002232,0.0072
0.0002234,0.008
0.0002236,0.0056
0.0002238,0.0096
0.000224,0.0088
0.0002242,0.0144
0.0002244,0.0072
0.0002246,0.012
0.0002248,0.012
0.000225,0.0104
0.0002252,0.0104
0.0002254,0.0024
0.0002256,0.0104
0.0002258,0.0096
0.000226,0.0088
0.0002262,0.008
0.0002264,0.012
0.0002266,0.0176
0.0002268,0.012
0.000227,0.0096
0.0002272,0.0136
0.0002274,0.008
0.0002276,0.0072
0.0002278,0.008
0.000228,0.0136
0.0002282,0.012
0.0002284,0.0112
0.0002286,0.0096
0.0002288,0.0144
0.000229,0.0152
0.0002292,0.0128
0.0002294,0.0152
0.0002296,0.0128
0.0002298,0.0208
0.00023,0.0184
0.0002302,0.0168
0.0002304,0.02
0.0002306,0.0144
0.0002308,0.0088
0.000231,0.0144
0.0002312,0.0144
0.0002314,0.012
0.0002316,0.012
0.0002318,0.0104
0.000232,0.0168
0.0002322,0.0144
0.0002324,0.0176
0.0002326,0.0232
0.0002328,0.0192
0.000233,0.0176
0.0002332,0.0216
0.0002334,0.0176
0.0002336,0.0176
0.0002338,0.0136
0.000234,0.0112
0.0002342,0.012
0.0002344,0.0144
0.0002346,0.0184
0.0002348,0.0152
0.000235,0.0184
0.0002352,0.012
0.0002354,0.0136
0.0002356,0.0128
0.0002358,0.0184
0.000236,0.0128
0.0002362,0.0192
0.0002364,0.016
0.0002366,0.0216
0.0002368,0.0176
0.000237,0.0152
0.0002372,0.0152
0.0002374,0.012
0.0002376,0.0168
0.0002378,0.0168
0.000238,0.0152
0.0002382,0.0208
0.0002384,0.02
0.0002386,0.0168
0.0002388,0.016
0.000239,0.0232
0.0002392,0.016
0.0002394,0.0144
0.0002396,0.016
0.0002398,0.0176
0.00024,0.016
0.0002402,0.0152
0.0002404,0.0208
0.0002406,0.0208
0.0002408,0.0192
0.000241,0.0176
0.0002412,0.016
0.0002414,0.016
0.0002416,0.0184
0.0002418,0.0176
0.000242,0.02
0.0002422,0.0128
0.0002424,0.0168
0.0002426,0.0176
0.0002428,0.0136
0.000243,0.0184
0.0002432,0.016
0.0002434,0.0176
0.0002436,0.0192
0.0002438,0.0176
0.000244,0.0184
0.0002442,0.0152
0.0002444,0.0184
0.0002446,0.0176
0.0002448,0.0168
0.000245,0.0192
0.0002452,0.0168
0.0002454,0.0184
0.0002456,0.0152
0.0002458,0.02
0.000246,0.0248
0.0002462,0.0232
0.0002464,0.0184
0.0002466,0.0152
0.0002468,0.0192
0.000247,0.016
0.0002472,0.0168
0.0002474,0.016
0.0002476,0.0176
0.0002478,0.0192
0.000248,0.0224
0.0002482,0.0176
0.0002484,0.016
0.0002486,0.0176
0.0002488,0.012
0.000249,0.0176
0.0002492,0.0152
0.0002494,0.0176
0.0002496,0.016
0.0002498,0.0176
0.00025,0.0192
0.0002502,0.016
0.0002504,0.0136
0.0002506,0.0128
0.0002508,0.016
0.000251,0.0232
0.0002512,0.0168
0.0002514,0.016
0.0002516,0.0144
0.0002518,0.0136
0.000252,0.0168
0.0002522,0.016
0.0002524,0.0224
0.0002526,0.0184
0.0002528,0.0184
0.000253,0.0184
0.0002532,0.0152
0.0002534,0.0184
0.0002536,0.0176
0.0002538,0.012
0.000254,0.0144
0.0002542,0.0184
0.0002544,0.0192
0.0002546,0.016
0.0002548,0.0192
0.000255,0.0152
0.0002552,0.016
0.0002554,0.0152
0.0002556,0.0128
0.0002558,0.0152
0.000256,0.0136
0.0002562,0.0128
0.0002564,0.012
0.0002566,0.0128
0.0002568,0.0112
0.000257,0.0128
0.0002572,0.0104
0.0002574,0.0112
0.0002576,0.0072
0.0002578,0.0104
0.000258,0.0104
0.0002582,0.0168
0.0002584,0.0144
0.0002586,0.0144
0.0002588,0.016
0.000259,0.012
0.0002592,0.0152
0.0002594,0.0104
0.0002596,0.0208
0.0002598,0.012
0.00026,0.008
0.0002602,0.0112
0.0002604,0.0112
0.0002606,0.012
0.0002608,0.0128
0.000261,0.012
0.0002612,0.0072
0.0002614,0.0096
0.0002616,0.012
0.0002618,0.0096
0.000262,0.0064
0.0002622,0.0048
0.0002624,0.0096
0.0002626,0.008
0.0002628,0.0056
0.000263,0.0064
0.0002632,0.0104
0.0002634,0.0112
0.0002636,0.0112
0.0002638,0.0072
0.000264,0.0072
0.0002642,0.0112
0.0002644,0.0088
0.0002646,0.0056
0.0002648,0.0072
0.000265,0.008
0.0002652,0.0088
0.0002654,0.0048
0.0002656,0.0096
0.0002658,0.0128
0.000266,0.0096
0.0002662,0.012
0.0002664,0.0072
0.0002666,0.0096
0.0002668,0.0056
0.000267,0.0072
0.0002672,0.0104
0.0002674,0.0064
0.0002676,0.008
0.0002678,0.004
0.000268,0.0056
0.0002682,0.0048
0.0002684,0.0016
0.0002686,0.0032
0.0002688,0.0016
0.000269,0.0016
0.0002692,0.004
0.0002694,0.0016
0.0002696,0.0016
0.0002698,0.0088
0.00027,0.008
0.0002702,0.0048
0.0002704,0.004
0.0002706,0.0064
0.0002708,0.0128
0.000271,0.0016
0.0002712,0.0088
0.0002714,0.008
0.0002716,0.0088
0.0002718,0.008
0.000272,0.0048
0.0002722,0.004
0.0002724,0.0048
0.0002726,0.004
0.0002728,0.0008
0.000273,0.004
0.0002732,0.0
0.0002734,0.0
0.0002736,0.0024
0.0002738,0.0016
0.000274,0.008
0.0002742,0.0
0.0002744,-0.0016
0.0002746,0.0032
0.0002748,0.0
0.000275,0.004
0.0002752,0.004
0.0002754,0.0024
0.0002756,0.0016
0.0002758,0.0064
0.000276,0.0048
0.0002762,-0.0008
0.0002764,0.0008
0.0002766,-0.004
0.0002768,0.004
0.000277,-0.0024
0.0002772,-0.0016
0.0002774,0.004
0.0002776,0.0008
0.0002778,0.0016
0.000278,-0.0008
0.0002782,-0.0008
0.0002784,-0.0064
0.0002786,0.0016
0.0002788,0.0
0.000279,-0.008
0.0002792,0.0008
0.0002794,-0.0072
0.0002796,-0.0072
0.0002798,0.0
0.00028,-0.0072
0.0002802,-0.0048
0.0002804,-0.008
0.0002806,-0.0016
0.0002808,-0.0088
0.000281,-0.0096
0.0002812,-0.0096
0.0002814,-0.0064
0.0002816,-0.0048
0.0002818,-0.008
0.000282,-0.0072
0.0002822,-0.0016
0.0002824,-0.0064
0.0002826,-0.004
0.0002828,-0.0064
0.000283,-0.0032
0.0002832,0.0
0.0002834,-0.0032
0.0002836,-0.004
0.0002838,-0.0112
0.000284,-0.0056
0.0002842,-0.0048
0.0002844,-0.0048
0.0002846,-0.0016
0.0002848,-0.0072
0.000285,-0.008
0.0002852,-0.0104
0.0002854,-0.0032
0.0002856,-0.004
0.0002858,-0.0064
0.000286,-0.0072
0.0002862,-0.004
0.0002864,-0.0072
0.0002866,-0.0056
0.0002868,-0.0072
0.000287,-0.0048
0.0002872,-0.008
0.0002874,-0.0064
0.0002876,-0.0056
0.0002878,-0.0024
0.000288,-0.0072
0.0002882,-0.008
0.0002884,-0.0048
0.0002886,-0.008
0.0002888,-0.0048
0.000289,-0.0072
0.0002892,-0.0032
0.0002894,-0.004
0.0002896,-0.0104
0.0002898,-0.0032
0.00029,-0.0072
0.0002902,-0.0096
0.0002904,-0.008
0.0002906,-0.0072
0.0002908,-0.0048
0.000291,-0.0088
0.0002912,-0.0088
0.0002914,-0.0072
0.0002916,-0.0088
0.0002918,-0.008
0.000292,-0.008
0.0002922,-0.0024
0.0002924,-0.008
0.0002926,-0.0056
0.0002928,-0.0072
0.000293,-0.0032
0.0002932,-0.0016
0.0002934,-0.004
0.0002936,-0.0072
0.0002938,-0.008
0.000294,-0.0024
0.0002942,-0.0032
0.0002944,-0.0032
0.0002946,-0.0072
0.0002948,0.0008
0.000295,-0.0024
0.0002952,-0.0016
0.0002954,-0.0088
0.0002956,-0.004
0.0002958,-0.0032
0.000296,-0.0032
0.0002962,-0.0064
0.0002964,-0.008
0.0002966,-0.0048
0.0002968,-0.008
0.000297,-0.008
0.0002972,-0.0032
0.0002974,-0.0032
0.0002976,-0.0072
0.0002978,0.0008
0.000298,-0.0072
0.0002982,-0.0088
0.0002984,-0.004
0.0002986,-0.0088
0.0002988,-0.0064
0.000299,-0.0016
0.0002992,-0.004
0.0002994,-0.0048
0.0002996,-0.0048
0.0002998,-0.0072
0.0003,-0.0048
0.0003002,-0.0072
0.0003004,-0.0048
0.0003006,-0.0016
0.0003008,0.0
0.000301,-0.0056
0.0003012,-0.0072
0.0003014,-0.0032
0.0003016,-0.0016
0.0003018,-0.0048
0.000302,-0.0024
0.0003022,-0.0056
0.0003024,-0.0048
0.0003026,-0.008
0.0003028,-0.0032
0.000303,-0.0088
0.0003032,-0.004
0.0003034,-0.004
0.0003036,-0.0024
0.0003038,0.0024
0.000304,-0.0016
0.0003042,0.0
0.0003044,-0.0008
0.0003046,-0.0016
0.0003048,-0.0024
0.000305,0.0
0.0003052,-0.0032
0.0003054,-0.004
0.0003056,0.0008
0.0003058,-0.0016
0.000306,-0.0024
0.0003062,-0.0048
0.0003064,-0.0056
0.0003066,-0.0056
0.0003068,0.0008
0.000307,0.0008
0.0003072,-0.004
0.0003074,-0.0056
0.0003076,0.0
0.0003078,-0.0056
0.000308,-0.0072
0.0003082,-0.0104
0.0003084,-0.0048
0.0003086,-0.004
0.0003088,-0.0088
0.000309,0.0008
0.0003092,-0.0016
0.0003094,0.004
0.0003096,-0.0024
0.0003098,0.0016
0.00031,0.0016
0.0003102,-0.0016
0.0003104,0.0024
0.0003106,-0.004
0.0003108,-0.0016
0.000311,-0.0056
0.0003112,-0.0064
0.0003114,-0.0064
0.0003116,-0.0024
0.0003118,0.0056
0.000312,-0.0008
0.0003122,0.004
0.0003124,0.0032
0.0003126,0.0008
0.0003128,0.0048
0.000313,0.0024
0.0003132,0.0016
0.0003134,0.0008
0.0003136,0.0024
0.0003138,0.0048
0.000314,0.0008
0.0003142,0.0064
0.0003144,0.0008
0.0003146,0.0016
0.0003148,0.0032
0.000315,-0.0008
0.0003152,0.0016
0.0003154,0.0032
0.0003156,0.0048
0.0003158,0.0072
0.000316,-0.0008
0.0003162,0.0064
0.0003164,0.0008
0.0003166,0.0016
0.0003168,0.0064
0.000317,0.0112
0.0003172,0.008
0.0003174,0.0016
0.0003176,0.0072
0.0003178,0.0008
0.000318,0.0064
0.0003182,0.0048
0.0003184,0.0032
0.0003186,0.0016
0.0003188,0.0016
0.000319,0.0104
0.0003192,0.0032
0.0003194,0.0048
0.0003196,0.008
0.0003198,0.0088
0.00032,0.0104
0.0003202,0.0064
0.0003204,0.0088
0.0003206,0.004
0.0003208,0.0064
0.000321,0.012
0.0003212,0.0072
0.0003214,0.0096
0.0003216,0.0064
0.0003218,0.0064
0.000322,0.008
0.0003222,0.0096
0.0003224,0.0064
0.0003226,0.012
0.0003228,0.012
0.000323,0.0064
0.0003232,0.0096
0.0003234,0.0064
0.0003236,0.0072
0.0003238,0.0144
0.000324,0.0088
0.0003242,0.0088
0.0003244,0.008
0.0003246,0.0136
0.0003248,0.0136
0.000325,0.0056
0.0003252,0.0128
0.0003254,0.012
0.0003256,0.016
0.0003258,0.0104
0.000326,0.0104
0.0003262,0.0056
0.0003264,0.0096
0.0003266,0.012
0.0003268,0.0088
0.000327,0.0064
0.0003272,0.012
0.0003274,0.0096
0.0003276,0.0128
0.0003278,0.0104
0.000328,0.0176
0.0003282,0.0136
0.0003284,0.016
0.0003286,0.0176
0.0003288,0.0136
0.000329,0.0136
0.0003292,0.0144
0.0003294,0.016
0.0003296,0.0136
0.0003298,0.0128
0.00033,0.0128
0.0003302,0.0144
0.0003304,0.0096
0.0003306,0.012
0.0003308,0.008
0.000331,0.0192
0.0003312,0.0136
0.0003314,0.016
0.0003316,0.0152
0.0003318,0.016
0.000332,0.0176
0.0003322,0.0216
0.0003324,0.0184
0.0003326,0.0184
0.0003328,0.0184
0.000333,0.0144
0.0003332,0.0184
0.0003334,0.0144
0.0003336,0.0136
0.0003338,0.0176
0.000334,0.0176
0.0003342,0.016
0.0003344,0.0224
0.0003346,0.016
0.0003348,0.0248
0.000335,0.0168
0.0003352,0.0184
0.0003354,0.0176
0.0003356,0.0176
0.0003358,0.0168
0.000336,0.0192
0.0003362,0.02
0.0003364,0.0176
0.0003366,0.0216
0.0003368,0.0208
0.000337,0.0136
0.0003372,0.0152
0.0003374,0.0144
0.0003376,0.0112
0.0003378,0.0128
0.000338,0.0192
0.0003382,0.0168
0.0003384,0.012
0.0003386,0.0176
0.0003388,0.0176
0.000339,0.0192
0.0003392,0.0152
0.0003394,0.0152
0.0003396,0.0176
0.0003398,0.0184
0.00034,0.016
0.0003402,0.0224
0.0003404,0.0208
0.0003406,0.0192
0.0003408,0.02
0.000341,0.0216
0.0003412,0.02
0.0003414,0.0144
0.0003416,0.0216
0.0003418,0.0144
0.000342,0.0144
0.0003422,0.0128
0.0003424,0.0144
0.0003426,0.0144
0.0003428,0.0144
0.000343,0.0184
0.0003432,0.012
0.0003434,0.0176
0.0003436,0.0176
0.0003438,0.0176
0.000344,0.0216
0.0003442,0.0144
0.0003444,0.016
0.0003446,0.0128
0.0003448,0.0176
0.000345,0.016
0.0003452,0.016
0.0003454,0.0216
0.0003456,0.0152
0.0003458,0.0192
0.000346,0.0184
0.0003462,0.0144
0.0003464,0.0208
0.0003466,0.0176
0.0003468,0.0136
0.000347,0.0192
0.0003472,0.0184
0.0003474,0.0176
0.0003476,0.016
0.0003478,0.0168
0.000348,0.0184
0.0003482,0.0176
0.0003484,0.0128
0.0003486,0.0216
0.0003488,0.0184
0.000349,0.0192
0.0003492,0.016
0.0003494,0.016
0.0003496,0.016
0.0003498,0.0152
0.00035,0.0168
0.0003502,0.0168
0.0003504,0.0192
0.0003506,0.0104
0.0003508,0.0136
0.000351,0.0136
0.0003512,0.0184
0.0003514,0.0208
0.0003516,0.0192
0.0003518,0.0176
0.000352,0.0192
0.0003522,0.0184
0.0003524,0.0208
0.0003526,0.0168
0.0003528,0.0152
0.000353,0.0144
0.0003532,0.0184
0.0003534,0.0152
0.0003536,0.0072
0.0003538,0.0112
0.000354,0.0096
0.0003542,0.0136
0.0003544,0.012
0.0003546,0.0112
0.0003548,0.0168
0.000355,0.0168
0.0003552,0.0152
0.0003554,0.0128
0.0003556,0.0128
0.0003558,0.016
0.000356,0.016
0.0003562,0.012
0.0003564,0.0168
0.0003566,0.0176
0.0003568,0.0104
0.000357,0.0104
0.0003572,0.012
0.0003574,0.0144
0.0003576,0.0072
0.0003578,0.0128
0.000358,0.012
0.0003582,0.012
0.0003584,0.012
0.0003586,0.0104
0.0003588,0.0168
0.000359,0.0144
0.0003592,0.0144
0.0003594,0.0184
0.0003596,0.008
0.0003598,0.0128
0.00036,0.0096
0.0003602,0.0096
0.0003604,0.0072
0.0003606,0.004
0.0003608,0.0064
0.000361,0.0096
0.0003612,0.0128
0.0003614,0.0088
0.0003616,0.0072
0.0003618,0.0064
0.000362,0.012
0.0003622,0.0104
0.0003624,0.0064
0.0003626,0.0056
0.0003628,0.0096
0.000363,0.0104
0.0003632,0.012
0.0003634,0.0144
0.0003636,0.008
0.0003638,0.0136
0.000364,0.0112
0.0003642,0.004
0.0003644,0.004
0.0003646,0.0064
0.0003648,0.0072
0.000365,0.004
0.0003652,0.0064
0.0003654,0.0064
0.0003656,0.0032
0.0003658,0.0104
0.000366,0.0072
0.0003662,0.0016
0.0003664,0.0088
0.0003666,0.008
0.0003668,0.0048
0.000367,0.0088
0.0003672,0.0032
0.0003674,0.0088
0.0003676,0.0024
0.0003678,0.0064
0.000368,0.004
0.0003682,0.0064
0.0003684,0.0064
0.0003686,0.0064
0.0003688,0.0096
0.000369,0.0064
0.0003692,0.0048
0.0003694,0.0032
0.0003696,0.004
0.0003698,0.0048
0.00037,0.0064
0.0003702,0.0056
0.0003704,-0.0032
0.0003706,0.0032
0.0003708,0.0024
0.000371,0.0008
0.0003712,0.0008
0.0003714,0.0064
0.0003716,0.0064
0.0003718,0.004
0.000372,0.0072
0.0003722,0.0088
0.0003724,0.004
0.0003726,0.0008
0.0003728,-0.0008
0.000373,0.0048
0.0003732,0.0064
0.0003734,-0.004
0.0003736,0.0016
0.0003738,-0.008
0.000374,0.0016
0.0003742,0.0048
0.0003744,0.004
0.0003746,-0.0024
0.0003748,-0.0016
0.000375,0.0
0.0003752,-0.0016
0.0003754,-0.0008
0.0003756,-0.0008
0.0003758,0.0016
0.000376,0.0
0.0003762,0.0032
0.0003764,0.0008
0.0003766,0.0016
0.0003768,-0.0024
0.000377,0.0008
0.0003772,-0.0016
0.0003774,-0.0024
0.0003776,-0.0024
0.0003778,-0.0024
0.000378,-0.004
0.0003782,-0.0024
0.0003784,-0.004
0.0003786,-0.0024
0.0003788,-0.0016
0.000379,-0.0064
0.0003792,-0.008
0.0003794,0.0008
0.0003796,-0.0008
0.0003798,0.0
0.00038,-0.0056
0.0003802,-0.0024
0.0003804,-0.0008
0.0003806,-0.0056
0.0003808,-0.0016
0.000381,-0.0008
0.0003812,0.0
0.0003814,-0.0032
0.0003816,-0.0016
0.0003818,-0.0064
0.000382,-0.004
0.0003822,-0.0032
0.0003824,-0.0064
0.0003826,-0.0072
0.0003828,-0.0056
0.000383,-0.0016
0.0003832,0.0
0.0003834,-0.0016
0.0003836,-0.0032
0.0003838,-0.0064
0.000384,-0.0056
0.0003842,-0.0072
0.0003844,-0.0016
0.0003846,-0.0056
0.0003848,-0.004
0.000385,-0.0024
0.0003852,-0.0104
0.0003854,-0.0048
0.0003856,-0.0064
0.0003858,-0.0072
0.000386,-0.0016
0.0003862,-0.008
0.0003864,-0.0096
0.0003866,-0.008
0.0003868,-0.008
0.000387,-0.0136
0.0003872,-0.004
0.0003874,-0.0072
0.0003876,-0.0104
0.0003878,-0.0056
0.000388,-0.0112
0.0003882,-0.0096
0.0003884,-0.0096
0.0003886,-0.0096
0.0003888,-0.0064
0.000389,-0.0112
0.0003892,-0.0096
0.0003894,-0.0072
0.0003896,-0.0048
0.0003898,-0.0096
